filename,label
audio_128.wav,3.084
audio_156.wav,4.11
audio_19.wav,3.658
audio_108.wav,2.534
audio_206.wav,2.921
audio_161.wav,3.128
audio_215.wav,3.05
audio_213.wav,2.621
audio_11.wav,3.095
audio_155.wav,3.273
audio_39.wav,3.6
audio_168.wav,3.076
audio_133.wav,2.724
audio_28.wav,2.732
audio_40.wav,3.634
audio_181.wav,3.043
audio_201.wav,2.788
audio_182.wav,2.716
audio_126.wav,2.617
audio_10.wav,2.631
audio_134.wav,2.426
audio_69.wav,3.751
audio_112.wav,3.199
audio_180.wav,2.768
audio_177.wav,3.22
audio_77.wav,4.583
audio_111.wav,3.617
audio_18.wav,3.534
audio_175.wav,3.84
audio_33.wav,3.365
audio_15.wav,2.76
audio_4.wav,3.694
audio_27.wav,2.778
audio_96.wav,2.708
audio_116.wav,2.986
audio_1.wav,2.793
audio_22.wav,3.502
audio_114.wav,2.646
audio_146.wav,2.631
audio_46.wav,4.808
audio_144.wav,2.813
audio_75.wav,3.837
audio_200.wav,3.303
audio_196.wav,2.244
audio_190.wav,2.921
audio_158.wav,3.058
audio_17.wav,2.544
audio_105.wav,3.62
audio_141.wav,2.666
audio_129.wav,3.871
audio_6.wav,4.064
audio_70.wav,4.735
audio_35.wav,2.874
audio_203.wav,3.035
audio_90.wav,3.891
audio_16.wav,2.678
audio_138.wav,3.167
audio_100.wav,3.342
audio_115.wav,2.431
audio_118.wav,3.554
audio_137.wav,3.912
audio_101.wav,3.046
audio_193.wav,3.049
audio_102.wav,3.32
audio_52.wav,3.157
audio_172.wav,2.998
audio_191.wav,3.056
audio_194.wav,3.22
audio_67.wav,3.324
audio_160.wav,3.028
audio_179.wav,2.186
audio_55.wav,3.843
audio_145.wav,3.152
audio_197.wav,2.897
audio_139.wav,3.007
audio_91.wav,3.83
audio_8.wav,2.416
audio_136.wav,2.771
audio_199.wav,3.09
audio_110.wav,3.533
audio_208.wav,3.309
audio_152.wav,3.569
audio_94.wav,3.366
audio_174.wav,3.678
audio_23.wav,3.473
audio_56.wav,3.421
audio_97.wav,3.046
audio_148.wav,2.687
audio_59.wav,3.142
audio_5.wav,2.936
audio_119.wav,2.844
audio_80.wav,3.413
audio_58.wav,3.442
audio_123.wav,3.16
audio_188.wav,2.746
audio_121.wav,2.72
audio_107.wav,3.12
audio_214.wav,3.184
audio_73.wav,4.254
audio_169.wav,3.048
audio_7.wav,3.021
audio_42.wav,2.737
audio_88.wav,3.996
audio_64.wav,2.732
audio_195.wav,3.252
audio_57.wav,3.428
audio_13.wav,2.714
audio_125.wav,3.127
audio_209.wav,2.923
audio_211.wav,3.748
audio_63.wav,2.717
audio_86.wav,4.571
audio_78.wav,4.685
audio_38.wav,3.515
audio_186.wav,2.542
audio_154.wav,3.081
audio_21.wav,2.835
audio_120.wav,2.685
audio_183.wav,2.765
audio_25.wav,3.277
audio_122.wav,2.454
audio_36.wav,4.346
audio_76.wav,4.589
audio_163.wav,2.451
audio_83.wav,4.093
audio_103.wav,2.925
audio_93.wav,2.962
audio_26.wav,2.892
audio_72.wav,4.781
audio_210.wav,3.557
audio_104.wav,2.487
audio_81.wav,3.844
audio_166.wav,2.905
audio_202.wav,2.683
audio_185.wav,2.799
audio_9.wav,2.606
audio_207.wav,2.67
audio_127.wav,2.95
audio_12.wav,3.275
audio_132.wav,2.887
audio_109.wav,2.803
audio_32.wav,3.799
audio_178.wav,3.753
audio_61.wav,2.701
audio_34.wav,3.857
audio_106.wav,2.703
audio_49.wav,4.356
audio_149.wav,2.912
audio_30.wav,4.305
audio_131.wav,2.531
audio_162.wav,2.523
audio_204.wav,3.363
audio_198.wav,2.902
audio_135.wav,3.193
audio_187.wav,3.069
audio_3.wav,2.641
audio_98.wav,3.383
audio_159.wav,3.02
audio_167.wav,2.829
audio_205.wav,3.24
audio_95.wav,2.987
audio_68.wav,3.255
audio_31.wav,4.357
audio_157.wav,4.096
audio_89.wav,4.233
audio_82.wav,3.516
audio_53.wav,3.126
audio_37.wav,4.474
audio_113.wav,2.708
audio_85.wav,4.504
audio_173.wav,3.879
audio_41.wav,4.291
audio_51.wav,2.969
audio_143.wav,2.86
audio_92.wav,3.944
audio_74.wav,4.148
audio_0.wav,3.246
audio_147.wav,3.138
audio_130.wav,2.429
audio_192.wav,2.695
audio_43.wav,4.6
audio_65.wav,2.871
audio_14.wav,3.043
audio_117.wav,3.049
audio_212.wav,3.039
audio_79.wav,3.746
audio_171.wav,2.548
audio_60.wav,3.385
audio_153.wav,3.304
audio_176.wav,3.533
audio_2.wav,2.841
audio_50.wav,3.763
audio_29.wav,3.515
audio_142.wav,2.519
audio_47.wav,2.927
audio_84.wav,4.162
audio_164.wav,2.799
audio_48.wav,3.714
audio_189.wav,3.001
audio_151.wav,3.45
audio_66.wav,2.202
audio_44.wav,2.842
audio_150.wav,3.218
audio_87.wav,3.969
audio_99.wav,2.784
audio_62.wav,3.324
audio_20.wav,2.635
audio_124.wav,3.236
audio_54.wav,3.544
audio_45.wav,4.683
audio_71.wav,4.308
audio_184.wav,3.068
audio_24.wav,1.969
audio_140.wav,3.438
audio_165.wav,3.128
audio_170.wav,2.475
